image_url,image_A_url,image_B_url
https://raw.githubusercontent.com/napCC/PhotoRep/master/real_tiger/n01323068_1489_real_A.png,https://raw.githubusercontent.com/napCC/PhotoRep/master/CycleGAN_fake_leopard/n01323068_1489_fake_B.png,https://raw.githubusercontent.com/napCC/PhotoRep/master/ImagenetTiger_cycle_attn_X2_fake_leopard/n01323068_1489_fake_B.png
https://raw.githubusercontent.com/napCC/PhotoRep/master/real_tiger/n01323068_2572_real_A.png,https://raw.githubusercontent.com/napCC/PhotoRep/master/CycleGAN_fake_leopard/n01323068_2572_fake_B.png,https://raw.githubusercontent.com/napCC/PhotoRep/master/ImagenetTiger_cycle_attn_X2_fake_leopard/n01323068_2572_fake_B.png
https://raw.githubusercontent.com/napCC/PhotoRep/master/real_tiger/n01323068_2585_real_A.png,https://raw.githubusercontent.com/napCC/PhotoRep/master/CycleGAN_fake_leopard/n01323068_2585_fake_B.png,https://raw.githubusercontent.com/napCC/PhotoRep/master/ImagenetTiger_cycle_attn_X2_fake_leopard/n01323068_2585_fake_B.png
https://raw.githubusercontent.com/napCC/PhotoRep/master/real_tiger/n01323068_2596_real_A.png,https://raw.githubusercontent.com/napCC/PhotoRep/master/CycleGAN_fake_leopard/n01323068_2596_fake_B.png,https://raw.githubusercontent.com/napCC/PhotoRep/master/ImagenetTiger_cycle_attn_X2_fake_leopard/n01323068_2596_fake_B.png
https://raw.githubusercontent.com/napCC/PhotoRep/master/real_tiger/n01323068_2616_real_A.png,https://raw.githubusercontent.com/napCC/PhotoRep/master/CycleGAN_fake_leopard/n01323068_2616_fake_B.png,https://raw.githubusercontent.com/napCC/PhotoRep/master/ImagenetTiger_cycle_attn_X2_fake_leopard/n01323068_2616_fake_B.png
https://raw.githubusercontent.com/napCC/PhotoRep/master/real_tiger/n01323068_3348_real_A.png,https://raw.githubusercontent.com/napCC/PhotoRep/master/CycleGAN_fake_leopard/n01323068_3348_fake_B.png,https://raw.githubusercontent.com/napCC/PhotoRep/master/ImagenetTiger_cycle_attn_X2_fake_leopard/n01323068_3348_fake_B.png
https://raw.githubusercontent.com/napCC/PhotoRep/master/real_tiger/n01323068_3350_real_A.png,https://raw.githubusercontent.com/napCC/PhotoRep/master/CycleGAN_fake_leopard/n01323068_3350_fake_B.png,https://raw.githubusercontent.com/napCC/PhotoRep/master/ImagenetTiger_cycle_attn_X2_fake_leopard/n01323068_3350_fake_B.png
https://raw.githubusercontent.com/napCC/PhotoRep/master/real_tiger/n01323068_3356_real_A.png,https://raw.githubusercontent.com/napCC/PhotoRep/master/CycleGAN_fake_leopard/n01323068_3356_fake_B.png,https://raw.githubusercontent.com/napCC/PhotoRep/master/ImagenetTiger_cycle_attn_X2_fake_leopard/n01323068_3356_fake_B.png
https://raw.githubusercontent.com/napCC/PhotoRep/master/real_tiger/n01323068_3358_real_A.png,https://raw.githubusercontent.com/napCC/PhotoRep/master/CycleGAN_fake_leopard/n01323068_3358_fake_B.png,https://raw.githubusercontent.com/napCC/PhotoRep/master/ImagenetTiger_cycle_attn_X2_fake_leopard/n01323068_3358_fake_B.png
https://raw.githubusercontent.com/napCC/PhotoRep/master/real_tiger/n01323068_3362_real_A.png,https://raw.githubusercontent.com/napCC/PhotoRep/master/CycleGAN_fake_leopard/n01323068_3362_fake_B.png,https://raw.githubusercontent.com/napCC/PhotoRep/master/ImagenetTiger_cycle_attn_X2_fake_leopard/n01323068_3362_fake_B.png
https://raw.githubusercontent.com/napCC/PhotoRep/master/real_tiger/n01323068_3366_real_A.png,https://raw.githubusercontent.com/napCC/PhotoRep/master/CycleGAN_fake_leopard/n01323068_3366_fake_B.png,https://raw.githubusercontent.com/napCC/PhotoRep/master/ImagenetTiger_cycle_attn_X2_fake_leopard/n01323068_3366_fake_B.png
https://raw.githubusercontent.com/napCC/PhotoRep/master/real_tiger/n01323068_3375_real_A.png,https://raw.githubusercontent.com/napCC/PhotoRep/master/CycleGAN_fake_leopard/n01323068_3375_fake_B.png,https://raw.githubusercontent.com/napCC/PhotoRep/master/ImagenetTiger_cycle_attn_X2_fake_leopard/n01323068_3375_fake_B.png
https://raw.githubusercontent.com/napCC/PhotoRep/master/real_tiger/n01323068_3378_real_A.png,https://raw.githubusercontent.com/napCC/PhotoRep/master/CycleGAN_fake_leopard/n01323068_3378_fake_B.png,https://raw.githubusercontent.com/napCC/PhotoRep/master/ImagenetTiger_cycle_attn_X2_fake_leopard/n01323068_3378_fake_B.png
https://raw.githubusercontent.com/napCC/PhotoRep/master/real_tiger/n01323068_3391_real_A.png,https://raw.githubusercontent.com/napCC/PhotoRep/master/CycleGAN_fake_leopard/n01323068_3391_fake_B.png,https://raw.githubusercontent.com/napCC/PhotoRep/master/ImagenetTiger_cycle_attn_X2_fake_leopard/n01323068_3391_fake_B.png
https://raw.githubusercontent.com/napCC/PhotoRep/master/real_tiger/n01323068_1176_real_A.png,https://raw.githubusercontent.com/napCC/PhotoRep/master/CycleGAN_fake_leopard/n01323068_1176_fake_B.png,https://raw.githubusercontent.com/napCC/PhotoRep/master/ImagenetTiger_cycle_attn_X2_fake_leopard/n01323068_1176_fake_B.png
https://raw.githubusercontent.com/napCC/PhotoRep/master/real_tiger/n01323068_3396_real_A.png,https://raw.githubusercontent.com/napCC/PhotoRep/master/CycleGAN_fake_leopard/n01323068_3396_fake_B.png,https://raw.githubusercontent.com/napCC/PhotoRep/master/ImagenetTiger_cycle_attn_X2_fake_leopard/n01323068_3396_fake_B.png
https://raw.githubusercontent.com/napCC/PhotoRep/master/real_tiger/n01323068_3412_real_A.png,https://raw.githubusercontent.com/napCC/PhotoRep/master/CycleGAN_fake_leopard/n01323068_3412_fake_B.png,https://raw.githubusercontent.com/napCC/PhotoRep/master/ImagenetTiger_cycle_attn_X2_fake_leopard/n01323068_3412_fake_B.png
https://raw.githubusercontent.com/napCC/PhotoRep/master/real_tiger/n01323068_1034_real_A.png,https://raw.githubusercontent.com/napCC/PhotoRep/master/CycleGAN_fake_leopard/n01323068_1034_fake_B.png,https://raw.githubusercontent.com/napCC/PhotoRep/master/ImagenetTiger_cycle_attn_X2_fake_leopard/n01323068_1034_fake_B.png
https://raw.githubusercontent.com/napCC/PhotoRep/master/real_tiger/n01323068_3428_real_A.png,https://raw.githubusercontent.com/napCC/PhotoRep/master/CycleGAN_fake_leopard/n01323068_3428_fake_B.png,https://raw.githubusercontent.com/napCC/PhotoRep/master/ImagenetTiger_cycle_attn_X2_fake_leopard/n01323068_3428_fake_B.png
https://raw.githubusercontent.com/napCC/PhotoRep/master/real_tiger/n01323068_1336_real_A.png,https://raw.githubusercontent.com/napCC/PhotoRep/master/CycleGAN_fake_leopard/n01323068_1336_fake_B.png,https://raw.githubusercontent.com/napCC/PhotoRep/master/ImagenetTiger_cycle_attn_X2_fake_leopard/n01323068_1336_fake_B.png
https://raw.githubusercontent.com/napCC/PhotoRep/master/real_tiger/n01323068_4653_real_A.png,https://raw.githubusercontent.com/napCC/PhotoRep/master/CycleGAN_fake_leopard/n01323068_4653_fake_B.png,https://raw.githubusercontent.com/napCC/PhotoRep/master/ImagenetTiger_cycle_attn_X2_fake_leopard/n01323068_4653_fake_B.png
https://raw.githubusercontent.com/napCC/PhotoRep/master/real_tiger/n01323068_4655_real_A.png,https://raw.githubusercontent.com/napCC/PhotoRep/master/CycleGAN_fake_leopard/n01323068_4655_fake_B.png,https://raw.githubusercontent.com/napCC/PhotoRep/master/ImagenetTiger_cycle_attn_X2_fake_leopard/n01323068_4655_fake_B.png
https://raw.githubusercontent.com/napCC/PhotoRep/master/real_tiger/n01323068_4658_real_A.png,https://raw.githubusercontent.com/napCC/PhotoRep/master/CycleGAN_fake_leopard/n01323068_4658_fake_B.png,https://raw.githubusercontent.com/napCC/PhotoRep/master/ImagenetTiger_cycle_attn_X2_fake_leopard/n01323068_4658_fake_B.png
https://raw.githubusercontent.com/napCC/PhotoRep/master/real_tiger/n01323068_4662_real_A.png,https://raw.githubusercontent.com/napCC/PhotoRep/master/CycleGAN_fake_leopard/n01323068_4662_fake_B.png,https://raw.githubusercontent.com/napCC/PhotoRep/master/ImagenetTiger_cycle_attn_X2_fake_leopard/n01323068_4662_fake_B.png
https://raw.githubusercontent.com/napCC/PhotoRep/master/real_tiger/n01323068_4666_real_A.png,https://raw.githubusercontent.com/napCC/PhotoRep/master/CycleGAN_fake_leopard/n01323068_4666_fake_B.png,https://raw.githubusercontent.com/napCC/PhotoRep/master/ImagenetTiger_cycle_attn_X2_fake_leopard/n01323068_4666_fake_B.png
https://raw.githubusercontent.com/napCC/PhotoRep/master/real_tiger/n01323068_4669_real_A.png,https://raw.githubusercontent.com/napCC/PhotoRep/master/CycleGAN_fake_leopard/n01323068_4669_fake_B.png,https://raw.githubusercontent.com/napCC/PhotoRep/master/ImagenetTiger_cycle_attn_X2_fake_leopard/n01323068_4669_fake_B.png
https://raw.githubusercontent.com/napCC/PhotoRep/master/real_tiger/n01323068_4672_real_A.png,https://raw.githubusercontent.com/napCC/PhotoRep/master/CycleGAN_fake_leopard/n01323068_4672_fake_B.png,https://raw.githubusercontent.com/napCC/PhotoRep/master/ImagenetTiger_cycle_attn_X2_fake_leopard/n01323068_4672_fake_B.png
https://raw.githubusercontent.com/napCC/PhotoRep/master/real_tiger/n01323068_4675_real_A.png,https://raw.githubusercontent.com/napCC/PhotoRep/master/CycleGAN_fake_leopard/n01323068_4675_fake_B.png,https://raw.githubusercontent.com/napCC/PhotoRep/master/ImagenetTiger_cycle_attn_X2_fake_leopard/n01323068_4675_fake_B.png
https://raw.githubusercontent.com/napCC/PhotoRep/master/real_tiger/n01323068_4676_real_A.png,https://raw.githubusercontent.com/napCC/PhotoRep/master/CycleGAN_fake_leopard/n01323068_4676_fake_B.png,https://raw.githubusercontent.com/napCC/PhotoRep/master/ImagenetTiger_cycle_attn_X2_fake_leopard/n01323068_4676_fake_B.png
https://raw.githubusercontent.com/napCC/PhotoRep/master/real_tiger/n01323068_4677_real_A.png,https://raw.githubusercontent.com/napCC/PhotoRep/master/CycleGAN_fake_leopard/n01323068_4677_fake_B.png,https://raw.githubusercontent.com/napCC/PhotoRep/master/ImagenetTiger_cycle_attn_X2_fake_leopard/n01323068_4677_fake_B.png
https://raw.githubusercontent.com/napCC/PhotoRep/master/real_tiger/n01323068_4678_real_A.png,https://raw.githubusercontent.com/napCC/PhotoRep/master/CycleGAN_fake_leopard/n01323068_4678_fake_B.png,https://raw.githubusercontent.com/napCC/PhotoRep/master/ImagenetTiger_cycle_attn_X2_fake_leopard/n01323068_4678_fake_B.png
https://raw.githubusercontent.com/napCC/PhotoRep/master/real_tiger/n01323068_4679_real_A.png,https://raw.githubusercontent.com/napCC/PhotoRep/master/CycleGAN_fake_leopard/n01323068_4679_fake_B.png,https://raw.githubusercontent.com/napCC/PhotoRep/master/ImagenetTiger_cycle_attn_X2_fake_leopard/n01323068_4679_fake_B.png
https://raw.githubusercontent.com/napCC/PhotoRep/master/real_tiger/n01323068_5034_real_A.png,https://raw.githubusercontent.com/napCC/PhotoRep/master/CycleGAN_fake_leopard/n01323068_5034_fake_B.png,https://raw.githubusercontent.com/napCC/PhotoRep/master/ImagenetTiger_cycle_attn_X2_fake_leopard/n01323068_5034_fake_B.png
https://raw.githubusercontent.com/napCC/PhotoRep/master/real_tiger/n01323068_5037_real_A.png,https://raw.githubusercontent.com/napCC/PhotoRep/master/CycleGAN_fake_leopard/n01323068_5037_fake_B.png,https://raw.githubusercontent.com/napCC/PhotoRep/master/ImagenetTiger_cycle_attn_X2_fake_leopard/n01323068_5037_fake_B.png
https://raw.githubusercontent.com/napCC/PhotoRep/master/real_tiger/n01323068_5038_real_A.png,https://raw.githubusercontent.com/napCC/PhotoRep/master/CycleGAN_fake_leopard/n01323068_5038_fake_B.png,https://raw.githubusercontent.com/napCC/PhotoRep/master/ImagenetTiger_cycle_attn_X2_fake_leopard/n01323068_5038_fake_B.png
https://raw.githubusercontent.com/napCC/PhotoRep/master/real_tiger/n01323068_5041_real_A.png,https://raw.githubusercontent.com/napCC/PhotoRep/master/CycleGAN_fake_leopard/n01323068_5041_fake_B.png,https://raw.githubusercontent.com/napCC/PhotoRep/master/ImagenetTiger_cycle_attn_X2_fake_leopard/n01323068_5041_fake_B.png
https://raw.githubusercontent.com/napCC/PhotoRep/master/real_tiger/n01323068_5044_real_A.png,https://raw.githubusercontent.com/napCC/PhotoRep/master/CycleGAN_fake_leopard/n01323068_5044_fake_B.png,https://raw.githubusercontent.com/napCC/PhotoRep/master/ImagenetTiger_cycle_attn_X2_fake_leopard/n01323068_5044_fake_B.png
https://raw.githubusercontent.com/napCC/PhotoRep/master/real_tiger/n01323068_5051_real_A.png,https://raw.githubusercontent.com/napCC/PhotoRep/master/CycleGAN_fake_leopard/n01323068_5051_fake_B.png,https://raw.githubusercontent.com/napCC/PhotoRep/master/ImagenetTiger_cycle_attn_X2_fake_leopard/n01323068_5051_fake_B.png
https://raw.githubusercontent.com/napCC/PhotoRep/master/real_tiger/n01323068_5055_real_A.png,https://raw.githubusercontent.com/napCC/PhotoRep/master/CycleGAN_fake_leopard/n01323068_5055_fake_B.png,https://raw.githubusercontent.com/napCC/PhotoRep/master/ImagenetTiger_cycle_attn_X2_fake_leopard/n01323068_5055_fake_B.png
https://raw.githubusercontent.com/napCC/PhotoRep/master/real_tiger/n01323068_5057_real_A.png,https://raw.githubusercontent.com/napCC/PhotoRep/master/CycleGAN_fake_leopard/n01323068_5057_fake_B.png,https://raw.githubusercontent.com/napCC/PhotoRep/master/ImagenetTiger_cycle_attn_X2_fake_leopard/n01323068_5057_fake_B.png
https://raw.githubusercontent.com/napCC/PhotoRep/master/real_tiger/n01323068_5058_real_A.png,https://raw.githubusercontent.com/napCC/PhotoRep/master/CycleGAN_fake_leopard/n01323068_5058_fake_B.png,https://raw.githubusercontent.com/napCC/PhotoRep/master/ImagenetTiger_cycle_attn_X2_fake_leopard/n01323068_5058_fake_B.png
https://raw.githubusercontent.com/napCC/PhotoRep/master/real_tiger/n01323068_5059_real_A.png,https://raw.githubusercontent.com/napCC/PhotoRep/master/CycleGAN_fake_leopard/n01323068_5059_fake_B.png,https://raw.githubusercontent.com/napCC/PhotoRep/master/ImagenetTiger_cycle_attn_X2_fake_leopard/n01323068_5059_fake_B.png
https://raw.githubusercontent.com/napCC/PhotoRep/master/real_tiger/n01323068_10082_real_A.png,https://raw.githubusercontent.com/napCC/PhotoRep/master/CycleGAN_fake_leopard/n01323068_10082_fake_B.png,https://raw.githubusercontent.com/napCC/PhotoRep/master/ImagenetTiger_cycle_attn_X2_fake_leopard/n01323068_10082_fake_B.png
https://raw.githubusercontent.com/napCC/PhotoRep/master/real_tiger/n01323068_5067_real_A.png,https://raw.githubusercontent.com/napCC/PhotoRep/master/CycleGAN_fake_leopard/n01323068_5067_fake_B.png,https://raw.githubusercontent.com/napCC/PhotoRep/master/ImagenetTiger_cycle_attn_X2_fake_leopard/n01323068_5067_fake_B.png
https://raw.githubusercontent.com/napCC/PhotoRep/master/real_tiger/n01323068_5072_real_A.png,https://raw.githubusercontent.com/napCC/PhotoRep/master/CycleGAN_fake_leopard/n01323068_5072_fake_B.png,https://raw.githubusercontent.com/napCC/PhotoRep/master/ImagenetTiger_cycle_attn_X2_fake_leopard/n01323068_5072_fake_B.png
https://raw.githubusercontent.com/napCC/PhotoRep/master/real_tiger/n01323068_5074_real_A.png,https://raw.githubusercontent.com/napCC/PhotoRep/master/CycleGAN_fake_leopard/n01323068_5074_fake_B.png,https://raw.githubusercontent.com/napCC/PhotoRep/master/ImagenetTiger_cycle_attn_X2_fake_leopard/n01323068_5074_fake_B.png
https://raw.githubusercontent.com/napCC/PhotoRep/master/real_tiger/n01323068_5075_real_A.png,https://raw.githubusercontent.com/napCC/PhotoRep/master/CycleGAN_fake_leopard/n01323068_5075_fake_B.png,https://raw.githubusercontent.com/napCC/PhotoRep/master/ImagenetTiger_cycle_attn_X2_fake_leopard/n01323068_5075_fake_B.png
https://raw.githubusercontent.com/napCC/PhotoRep/master/real_tiger/n01323068_5152_real_A.png,https://raw.githubusercontent.com/napCC/PhotoRep/master/CycleGAN_fake_leopard/n01323068_5152_fake_B.png,https://raw.githubusercontent.com/napCC/PhotoRep/master/ImagenetTiger_cycle_attn_X2_fake_leopard/n01323068_5152_fake_B.png
https://raw.githubusercontent.com/napCC/PhotoRep/master/real_tiger/n01323068_5990_real_A.png,https://raw.githubusercontent.com/napCC/PhotoRep/master/CycleGAN_fake_leopard/n01323068_5990_fake_B.png,https://raw.githubusercontent.com/napCC/PhotoRep/master/ImagenetTiger_cycle_attn_X2_fake_leopard/n01323068_5990_fake_B.png
https://raw.githubusercontent.com/napCC/PhotoRep/master/real_tiger/n01323068_6002_real_A.png,https://raw.githubusercontent.com/napCC/PhotoRep/master/CycleGAN_fake_leopard/n01323068_6002_fake_B.png,https://raw.githubusercontent.com/napCC/PhotoRep/master/ImagenetTiger_cycle_attn_X2_fake_leopard/n01323068_6002_fake_B.png
https://raw.githubusercontent.com/napCC/PhotoRep/master/real_tiger/n01323068_6058_real_A.png,https://raw.githubusercontent.com/napCC/PhotoRep/master/CycleGAN_fake_leopard/n01323068_6058_fake_B.png,https://raw.githubusercontent.com/napCC/PhotoRep/master/ImagenetTiger_cycle_attn_X2_fake_leopard/n01323068_6058_fake_B.png
https://raw.githubusercontent.com/napCC/PhotoRep/master/real_tiger/n01323068_6094_real_A.png,https://raw.githubusercontent.com/napCC/PhotoRep/master/CycleGAN_fake_leopard/n01323068_6094_fake_B.png,https://raw.githubusercontent.com/napCC/PhotoRep/master/ImagenetTiger_cycle_attn_X2_fake_leopard/n01323068_6094_fake_B.png
https://raw.githubusercontent.com/napCC/PhotoRep/master/real_tiger/n01323068_6100_real_A.png,https://raw.githubusercontent.com/napCC/PhotoRep/master/CycleGAN_fake_leopard/n01323068_6100_fake_B.png,https://raw.githubusercontent.com/napCC/PhotoRep/master/ImagenetTiger_cycle_attn_X2_fake_leopard/n01323068_6100_fake_B.png
https://raw.githubusercontent.com/napCC/PhotoRep/master/real_tiger/n01323068_6102_real_A.png,https://raw.githubusercontent.com/napCC/PhotoRep/master/CycleGAN_fake_leopard/n01323068_6102_fake_B.png,https://raw.githubusercontent.com/napCC/PhotoRep/master/ImagenetTiger_cycle_attn_X2_fake_leopard/n01323068_6102_fake_B.png
https://raw.githubusercontent.com/napCC/PhotoRep/master/real_tiger/n01323068_6120_real_A.png,https://raw.githubusercontent.com/napCC/PhotoRep/master/CycleGAN_fake_leopard/n01323068_6120_fake_B.png,https://raw.githubusercontent.com/napCC/PhotoRep/master/ImagenetTiger_cycle_attn_X2_fake_leopard/n01323068_6120_fake_B.png
https://raw.githubusercontent.com/napCC/PhotoRep/master/real_tiger/n01323068_6123_real_A.png,https://raw.githubusercontent.com/napCC/PhotoRep/master/CycleGAN_fake_leopard/n01323068_6123_fake_B.png,https://raw.githubusercontent.com/napCC/PhotoRep/master/ImagenetTiger_cycle_attn_X2_fake_leopard/n01323068_6123_fake_B.png
https://raw.githubusercontent.com/napCC/PhotoRep/master/real_tiger/n01323068_6124_real_A.png,https://raw.githubusercontent.com/napCC/PhotoRep/master/CycleGAN_fake_leopard/n01323068_6124_fake_B.png,https://raw.githubusercontent.com/napCC/PhotoRep/master/ImagenetTiger_cycle_attn_X2_fake_leopard/n01323068_6124_fake_B.png
https://raw.githubusercontent.com/napCC/PhotoRep/master/real_tiger/n01323068_6128_real_A.png,https://raw.githubusercontent.com/napCC/PhotoRep/master/CycleGAN_fake_leopard/n01323068_6128_fake_B.png,https://raw.githubusercontent.com/napCC/PhotoRep/master/ImagenetTiger_cycle_attn_X2_fake_leopard/n01323068_6128_fake_B.png
https://raw.githubusercontent.com/napCC/PhotoRep/master/real_tiger/n01323068_6139_real_A.png,https://raw.githubusercontent.com/napCC/PhotoRep/master/CycleGAN_fake_leopard/n01323068_6139_fake_B.png,https://raw.githubusercontent.com/napCC/PhotoRep/master/ImagenetTiger_cycle_attn_X2_fake_leopard/n01323068_6139_fake_B.png
https://raw.githubusercontent.com/napCC/PhotoRep/master/real_tiger/n01323068_6144_real_A.png,https://raw.githubusercontent.com/napCC/PhotoRep/master/CycleGAN_fake_leopard/n01323068_6144_fake_B.png,https://raw.githubusercontent.com/napCC/PhotoRep/master/ImagenetTiger_cycle_attn_X2_fake_leopard/n01323068_6144_fake_B.png